Year,indicator,value
2022,crop_production_index,119.81
2021,crop_production_index,115.76
2020,crop_production_index,112.72
2019,crop_production_index,112.96
2018,crop_production_index,111.28
2017,crop_production_index,105.63
2016,crop_production_index,100.52
2015,crop_production_index,97.1
2014,crop_production_index,102.38
2013,crop_production_index,89.77
2012,crop_production_index,96.27
2011,crop_production_index,99.23
2010,crop_production_index,88.66
2009,crop_production_index,87.3
2008,crop_production_index,81.26
2007,crop_production_index,75.2
2006,crop_production_index,72.85
2005,crop_production_index,69.43
2004,crop_production_index,73.43
2003,crop_production_index,70.41
2002,crop_production_index,71.94
2001,crop_production_index,71.75
2000,crop_production_index,63.8
1999,crop_production_index,69.38
1998,crop_production_index,69.23
1997,crop_production_index,70.0
1996,crop_production_index,68.49
1995,crop_production_index,56.2
1994,crop_production_index,56.08
1993,crop_production_index,54.46
1992,crop_production_index,46.57
1991,crop_production_index,48.25
1990,crop_production_index,49.78
1989,crop_production_index,48.1
1988,crop_production_index,44.3
1987,crop_production_index,43.29
1986,crop_production_index,42.02
1985,crop_production_index,41.85
1984,crop_production_index,36.7
1983,crop_production_index,34.11
1982,crop_production_index,36.88
1981,crop_production_index,37.75
1980,crop_production_index,37.61
1979,crop_production_index,36.52
1978,crop_production_index,33.07
1977,crop_production_index,31.64
1976,crop_production_index,32.53
1975,crop_production_index,34.37
1974,crop_production_index,32.61
1973,crop_production_index,33.1
1972,crop_production_index,32.66
1971,crop_production_index,35.06
1970,crop_production_index,34.98
1969,crop_production_index,32.76
1968,crop_production_index,32.73
1967,crop_production_index,31.39
1966,crop_production_index,31.0
1965,crop_production_index,30.73
1964,crop_production_index,30.27
1963,crop_production_index,29.14
1962,crop_production_index,27.32
1961,crop_production_index,26.59
2023,cereal_yield_kg_ha,1173.1
2022,cereal_yield_kg_ha,1167.8
2021,cereal_yield_kg_ha,1149.5
2020,cereal_yield_kg_ha,1150.3
2019,cereal_yield_kg_ha,1143.0
2018,cereal_yield_kg_ha,1145.2
2017,cereal_yield_kg_ha,1137.2
2016,cereal_yield_kg_ha,1130.8
2015,cereal_yield_kg_ha,1236.2
2014,cereal_yield_kg_ha,1153.1
2013,cereal_yield_kg_ha,1012.6
2012,cereal_yield_kg_ha,1112.4
2011,cereal_yield_kg_ha,1226.3
2010,cereal_yield_kg_ha,1187.4
2009,cereal_yield_kg_ha,1242.9
2008,cereal_yield_kg_ha,1144.4
2007,cereal_yield_kg_ha,1121.6
2006,cereal_yield_kg_ha,1130.7
2005,cereal_yield_kg_ha,1132.6
2004,cereal_yield_kg_ha,1094.8
2003,cereal_yield_kg_ha,1154.7
2002,cereal_yield_kg_ha,1131.1
2001,cereal_yield_kg_ha,1150.3
2000,cereal_yield_kg_ha,1058.3
1999,cereal_yield_kg_ha,1060.8
1998,cereal_yield_kg_ha,835.4
1997,cereal_yield_kg_ha,981.1
1996,cereal_yield_kg_ha,811.4
1995,cereal_yield_kg_ha,849.3
1994,cereal_yield_kg_ha,721.7
1993,cereal_yield_kg_ha,877.6
1992,cereal_yield_kg_ha,863.3
1991,cereal_yield_kg_ha,762.7
1990,cereal_yield_kg_ha,746.8
1989,cereal_yield_kg_ha,917.9
1988,cereal_yield_kg_ha,843.8
1987,cereal_yield_kg_ha,721.3
1986,cereal_yield_kg_ha,787.9
1985,cereal_yield_kg_ha,840.4
1984,cereal_yield_kg_ha,892.4
1983,cereal_yield_kg_ha,748.5
1982,cereal_yield_kg_ha,868.6
1981,cereal_yield_kg_ha,728.0
1980,cereal_yield_kg_ha,635.7
1979,cereal_yield_kg_ha,822.6
1978,cereal_yield_kg_ha,757.2
1977,cereal_yield_kg_ha,844.0
1976,cereal_yield_kg_ha,830.9
1975,cereal_yield_kg_ha,970.5
1974,cereal_yield_kg_ha,919.6
1973,cereal_yield_kg_ha,859.0
1972,cereal_yield_kg_ha,974.3
1971,cereal_yield_kg_ha,902.7
1970,cereal_yield_kg_ha,812.5
1969,cereal_yield_kg_ha,726.7
1968,cereal_yield_kg_ha,571.7
1967,cereal_yield_kg_ha,463.2
1966,cereal_yield_kg_ha,467.7
1965,cereal_yield_kg_ha,452.5
1964,cereal_yield_kg_ha,502.1
1963,cereal_yield_kg_ha,513.3
1962,cereal_yield_kg_ha,477.4
1961,cereal_yield_kg_ha,465.0
2024,agri_value_added_pct,21.3288248148543
2023,agri_value_added_pct,21.3050482413181
2022,agri_value_added_pct,21.2198485197121
2021,agri_value_added_pct,20.550806619999
2020,agri_value_added_pct,19.1725179891178
2019,agri_value_added_pct,19.5145900500186
2018,agri_value_added_pct,19.6494784155019
2017,agri_value_added_pct,20.3155597844213
2016,agri_value_added_pct,20.385078914717
2015,agri_value_added_pct,18.9218601496344
2014,agri_value_added_pct,19.3388381580273
2013,agri_value_added_pct,19.1395466909651
2012,agri_value_added_pct,20.975947911624
2011,agri_value_added_pct,19.8649717432319
2010,agri_value_added_pct,21.077801220787
2009,agri_value_added_pct,21.3483480008088
2008,agri_value_added_pct,20.68166838543
2007,agri_value_added_pct,16.9297833739432
2006,agri_value_added_pct,16.9609148487036
2005,agri_value_added_pct,17.3325641240129
2004,agri_value_added_pct,15.4058695261762
2003,agri_value_added_pct,14.5723915809563
2002,agri_value_added_pct,15.7403641419633
2001,agri_value_added_pct,15.1644610248179
2000,agri_value_added_pct,14.8052104263334
1999,agri_value_added_pct,20.6555079118336
1998,agri_value_added_pct,19.7297297327748
1997,agri_value_added_pct,21.2818560757086
1996,agri_value_added_pct,19.573823325697
1995,agri_value_added_pct,16.7474394694461
1994,agri_value_added_pct,14.965637734458
1993,agri_value_added_pct,18.701101006047
1992,agri_value_added_pct,15.4479055385704
1991,agri_value_added_pct,14.3214224838542
1990,agri_value_added_pct,15.1986157962116
1989,agri_value_added_pct,32.2289156625908
1988,agri_value_added_pct,33.7539432176025
1987,agri_value_added_pct,32.8982418753821
1986,agri_value_added_pct,34.8938486663324
1985,agri_value_added_pct,32.6131386861752
1984,agri_value_added_pct,33.3970681962785
1983,agri_value_added_pct,30.1006711409131
1982,agri_value_added_pct,26.8817204300088
1981,agri_value_added_pct,27.209302325616
1980,agri_value_added_pct,26.4681208052352
1979,agri_value_added_pct,22.6033890978867
1978,agri_value_added_pct,23.7288135592446
1977,agri_value_added_pct,40.1066343010561
1976,agri_value_added_pct,35.069699560048
1975,agri_value_added_pct,27.4356975835973
1974,agri_value_added_pct,25.4016840091862
1973,agri_value_added_pct,32.0796454647734
1972,agri_value_added_pct,29.6803641553597
1971,agri_value_added_pct,30.5250299146699
1970,agri_value_added_pct,32.1573959296494
1969,agri_value_added_pct,42.9597543106358
1968,agri_value_added_pct,44.5742891488536
1967,agri_value_added_pct,44.210528069783
1966,agri_value_added_pct,43.8794721278832
1965,agri_value_added_pct,47.1264386210453
1964,agri_value_added_pct,51.8228906257078
1963,agri_value_added_pct,56.1728222232541
2023,agri_land_pct,70.2334988049274
2022,agri_land_pct,70.2334988049274
2021,agri_land_pct,70.2334988049274
2020,agri_land_pct,70.2334988049274
2019,agri_land_pct,70.2334988049274
2018,agri_land_pct,70.2334988049274
2017,agri_land_pct,70.2334988049274
2016,agri_land_pct,70.2334988049274
2015,agri_land_pct,70.2334988049274
2014,agri_land_pct,70.2334988049274
2013,agri_land_pct,70.2334988049274
2012,agri_land_pct,70.7850707850708
2011,agri_land_pct,67.3837102408531
2010,agri_land_pct,67.3837102408531
2009,agri_land_pct,67.1998529141386
2008,agri_land_pct,66.8321382607097
2007,agri_land_pct,66.0967089538518
2006,agri_land_pct,65.6370656370656
2005,agri_land_pct,64.7177790034933
2004,agri_land_pct,63.9823496966354
2003,agri_land_pct,63.6146350432065
2002,agri_land_pct,63.2469203897775
2001,agri_land_pct,62.8792057363486
2000,agri_land_pct,62.5114910829197
1999,agri_land_pct,61.9599191027763
1998,agri_land_pct,61.5922044493473
1997,agri_land_pct,61.2244897959184
1996,agri_land_pct,60.4890604890605
1995,agri_land_pct,60.1213458356315
1994,agri_land_pct,59.7536311822026
1993,agri_land_pct,59.3859165287737
1992,agri_land_pct,58.9262732119875
1991,agri_land_pct,58.5585585585586
1990,agri_land_pct,58.0989152417724
1989,agri_land_pct,57.7312005883434
1988,agri_land_pct,57.7312005883434
1987,agri_land_pct,57.1796286082
1986,agri_land_pct,56.8119139547711
1985,agri_land_pct,56.8119139547711
1984,agri_land_pct,56.7199852914139
1983,agri_land_pct,55.8006986578415
1982,agri_land_pct,55.8006986578415
1981,agri_land_pct,55.8006986578415
1980,agri_land_pct,55.8006986578415
1979,agri_land_pct,55.7087699944843
1978,agri_land_pct,54.7894833609119
1977,agri_land_pct,52.9509100937672
1976,agri_land_pct,52.9509100937672
1975,agri_land_pct,52.9509100937672
1974,agri_land_pct,52.9509100937672
1973,agri_land_pct,52.9509100937672
1972,agri_land_pct,52.9509100937672
1971,agri_land_pct,52.9509100937672
1970,agri_land_pct,56.5361279646994
1969,agri_land_pct,56.5361279646994
1968,agri_land_pct,56.5361279646994
1967,agri_land_pct,56.5361279646994
1966,agri_land_pct,56.5361279646994
1965,agri_land_pct,56.5361279646994
1964,agri_land_pct,56.4441993013422
1963,agri_land_pct,56.4441993013422
1962,agri_land_pct,56.4441993013422
1961,agri_land_pct,56.4441993013422
1966,AG.CON.FERT.ZS,0.0277777777777778
1967,AG.CON.FERT.ZS,0.0555555555555556
1968,AG.CON.FERT.ZS,0.111111111111111
1969,AG.CON.FERT.ZS,0.141111111111111
1970,AG.CON.FERT.ZS,0.242222222222222
1971,AG.CON.FERT.ZS,0.275
1972,AG.CON.FERT.ZS,0.310555555555556
1973,AG.CON.FERT.ZS,0.356666666666667
1974,AG.CON.FERT.ZS,1.19
1975,AG.CON.FERT.ZS,1.27277777777778
1976,AG.CON.FERT.ZS,1.57611111111111
1977,AG.CON.FERT.ZS,0.508333333333333
1978,AG.CON.FERT.ZS,0.947894736842105
1979,AG.CON.FERT.ZS,1.56102564102564
1980,AG.CON.FERT.ZS,1.36051282051282
1981,AG.CON.FERT.ZS,1.13538461538462
1982,AG.CON.FERT.ZS,1.42974358974359
1983,AG.CON.FERT.ZS,1.56974358974359
1984,AG.CON.FERT.ZS,3.45
1985,AG.CON.FERT.ZS,4.9
1986,AG.CON.FERT.ZS,5.55
1987,AG.CON.FERT.ZS,5.38514851485149
1988,AG.CON.FERT.ZS,5.9419512195122
1989,AG.CON.FERT.ZS,6.09756097560976
1990,AG.CON.FERT.ZS,5.55555555555556
1991,AG.CON.FERT.ZS,5.61913875598086
1992,AG.CON.FERT.ZS,5.79620853080569
1993,AG.CON.FERT.ZS,4.63145539906103
1994,AG.CON.FERT.ZS,5.19255813953488
1995,AG.CON.FERT.ZS,7.57281105990783
1996,AG.CON.FERT.ZS,8.04200913242009
1997,AG.CON.FERT.ZS,7.60633484162896
1998,AG.CON.FERT.ZS,7.71300448430493
1999,AG.CON.FERT.ZS,7.51111111111111
2000,AG.CON.FERT.ZS,8.73920704845815
2001,AG.CON.FERT.ZS,8.38427947598253
2002,AG.CON.FERT.ZS,5.75584415584416
2003,AG.CON.FERT.ZS,7.85836909871245
2004,AG.CON.FERT.ZS,3.67106382978723
2005,AG.CON.FERT.ZS,0.288607594936709
2006,AG.CON.FERT.ZS,0.0138075313807531
2007,AG.CON.FERT.ZS,0.0
2008,AG.CON.FERT.ZS,0.0004115226337448
2009,AG.CON.FERT.ZS,2.90897959183673
2010,AG.CON.FERT.ZS,9.83780487804878
2011,AG.CON.FERT.ZS,10.2040650406504
2012,AG.CON.FERT.ZS,5.02301886792453
2013,AG.CON.FERT.ZS,11.7249056603774
2014,AG.CON.FERT.ZS,1.84603773584906
2015,AG.CON.FERT.ZS,3.32679245283019
2016,AG.CON.FERT.ZS,13.6781132075472
2017,AG.CON.FERT.ZS,5.77924528301887
2018,AG.CON.FERT.ZS,15.3569811320755
2019,AG.CON.FERT.ZS,2.67622641509434
2020,AG.CON.FERT.ZS,2.67622641509434
2021,AG.CON.FERT.ZS,2.06490566037736
2022,AG.CON.FERT.ZS,13.2966037735849
2023,AG.CON.FERT.ZS,17.3615094339623
1961,NY.GDP.DEFL.KD.ZG,-6.94682998696793
1962,NY.GDP.DEFL.KD.ZG,0.715476636259353
1963,NY.GDP.DEFL.KD.ZG,3.17491639918836
1964,NY.GDP.DEFL.KD.ZG,1.45983872364191
1965,NY.GDP.DEFL.KD.ZG,-2.32407248263566
1966,NY.GDP.DEFL.KD.ZG,5.73775859915348
1967,NY.GDP.DEFL.KD.ZG,1.74808937624435
1968,NY.GDP.DEFL.KD.ZG,0.0609454260907825
1969,NY.GDP.DEFL.KD.ZG,4.83856099574945
1970,NY.GDP.DEFL.KD.ZG,-1.62125040819991
1971,NY.GDP.DEFL.KD.ZG,12.3932368535163
1972,NY.GDP.DEFL.KD.ZG,-0.372352688114432
1973,NY.GDP.DEFL.KD.ZG,3.13437416817652
1974,NY.GDP.DEFL.KD.ZG,42.0320807065715
1975,NY.GDP.DEFL.KD.ZG,-4.26383525378778
1976,NY.GDP.DEFL.KD.ZG,14.2100141013494
1977,NY.GDP.DEFL.KD.ZG,20.6574056845155
1978,NY.GDP.DEFL.KD.ZG,-12.3041865376947
1979,NY.GDP.DEFL.KD.ZG,7.5469987413527
1980,NY.GDP.DEFL.KD.ZG,10.4657265795636
1981,NY.GDP.DEFL.KD.ZG,12.6474222750633
1982,NY.GDP.DEFL.KD.ZG,7.08675789698097
1983,NY.GDP.DEFL.KD.ZG,14.2601237152809
1984,NY.GDP.DEFL.KD.ZG,1.87944529930814
1985,NY.GDP.DEFL.KD.ZG,3.40143735085408
1986,NY.GDP.DEFL.KD.ZG,5.59479993708582
1987,NY.GDP.DEFL.KD.ZG,1.65884167925765
1988,NY.GDP.DEFL.KD.ZG,2.58577645265122
1989,NY.GDP.DEFL.KD.ZG,0.992354543440086
1990,NY.GDP.DEFL.KD.ZG,2.97594444257834
1991,NY.GDP.DEFL.KD.ZG,2.67109282645418
1992,NY.GDP.DEFL.KD.ZG,3.24543460439628
1993,NY.GDP.DEFL.KD.ZG,-8.19677350934612
1994,NY.GDP.DEFL.KD.ZG,35.8423813711266
1995,NY.GDP.DEFL.KD.ZG,11.0842103567644
1996,NY.GDP.DEFL.KD.ZG,5.3879278063591
1997,NY.GDP.DEFL.KD.ZG,2.03603454597328
1998,NY.GDP.DEFL.KD.ZG,9.55663247337893
1999,NY.GDP.DEFL.KD.ZG,1.11512719389448
2000,NY.GDP.DEFL.KD.ZG,10.0494567461461
2001,NY.GDP.DEFL.KD.ZG,1.63405347420718
2002,NY.GDP.DEFL.KD.ZG,5.02785556565668
2003,NY.GDP.DEFL.KD.ZG,-2.89310698803745
2004,NY.GDP.DEFL.KD.ZG,-1.90788897317589
2005,NY.GDP.DEFL.KD.ZG,5.87615776622891
2006,NY.GDP.DEFL.KD.ZG,-0.508763232978126
2007,NY.GDP.DEFL.KD.ZG,4.96375135329687
2008,NY.GDP.DEFL.KD.ZG,9.07423258687099
2009,NY.GDP.DEFL.KD.ZG,3.11724269281331
2010,NY.GDP.DEFL.KD.ZG,-0.0933183400535995
2011,NY.GDP.DEFL.KD.ZG,2.81959119100415
2012,NY.GDP.DEFL.KD.ZG,1.75037449118827
2013,NY.GDP.DEFL.KD.ZG,1.68329044618704
2014,NY.GDP.DEFL.KD.ZG,0.479878463169484
2015,NY.GDP.DEFL.KD.ZG,2.2027014975329
2016,NY.GDP.DEFL.KD.ZG,1.45775670689166
2017,NY.GDP.DEFL.KD.ZG,-0.884659427232194
2018,NY.GDP.DEFL.KD.ZG,0.452907938254626
2019,NY.GDP.DEFL.KD.ZG,0.0125767477580467
2020,NY.GDP.DEFL.KD.ZG,2.94317834624067
2021,NY.GDP.DEFL.KD.ZG,4.56449991919597
2022,NY.GDP.DEFL.KD.ZG,7.12146367434005
2023,NY.GDP.DEFL.KD.ZG,3.9628497528372
2024,NY.GDP.DEFL.KD.ZG,1.81499111122012
1961,AG.PRD.FOOD.XD,27.49
1962,AG.PRD.FOOD.XD,28.27
1963,AG.PRD.FOOD.XD,30.36
1964,AG.PRD.FOOD.XD,31.22
1965,AG.PRD.FOOD.XD,31.91
1966,AG.PRD.FOOD.XD,32.23
1967,AG.PRD.FOOD.XD,32.51
1968,AG.PRD.FOOD.XD,34.25
1969,AG.PRD.FOOD.XD,33.99
1970,AG.PRD.FOOD.XD,36.64
1971,AG.PRD.FOOD.XD,36.45
1972,AG.PRD.FOOD.XD,34.49
1973,AG.PRD.FOOD.XD,35.11
1974,AG.PRD.FOOD.XD,34.55
1975,AG.PRD.FOOD.XD,36.4
1976,AG.PRD.FOOD.XD,34.74
1977,AG.PRD.FOOD.XD,34.09
1978,AG.PRD.FOOD.XD,35.86
1979,AG.PRD.FOOD.XD,38.33
1980,AG.PRD.FOOD.XD,38.23
1981,AG.PRD.FOOD.XD,38.15
1982,AG.PRD.FOOD.XD,37.95
1983,AG.PRD.FOOD.XD,34.83
1984,AG.PRD.FOOD.XD,37.95
1985,AG.PRD.FOOD.XD,40.87
1986,AG.PRD.FOOD.XD,41.31
1987,AG.PRD.FOOD.XD,41.62
1988,AG.PRD.FOOD.XD,44.62
1989,AG.PRD.FOOD.XD,47.0
1990,AG.PRD.FOOD.XD,48.29
1991,AG.PRD.FOOD.XD,46.98
1992,AG.PRD.FOOD.XD,44.24
1993,AG.PRD.FOOD.XD,52.46
1994,AG.PRD.FOOD.XD,50.85
1995,AG.PRD.FOOD.XD,52.37
1996,AG.PRD.FOOD.XD,61.55
1997,AG.PRD.FOOD.XD,61.69
1998,AG.PRD.FOOD.XD,61.06
1999,AG.PRD.FOOD.XD,65.19
2000,AG.PRD.FOOD.XD,61.66
2001,AG.PRD.FOOD.XD,65.73
2002,AG.PRD.FOOD.XD,64.63
2003,AG.PRD.FOOD.XD,65.22
2004,AG.PRD.FOOD.XD,67.79
2005,AG.PRD.FOOD.XD,73.34
2006,AG.PRD.FOOD.XD,78.99
2007,AG.PRD.FOOD.XD,80.87
2008,AG.PRD.FOOD.XD,89.1
2009,AG.PRD.FOOD.XD,96.58
2010,AG.PRD.FOOD.XD,94.72
2011,AG.PRD.FOOD.XD,102.45
2012,AG.PRD.FOOD.XD,98.81
2013,AG.PRD.FOOD.XD,92.82
2014,AG.PRD.FOOD.XD,100.84
2015,AG.PRD.FOOD.XD,98.5
2016,AG.PRD.FOOD.XD,100.67
2017,AG.PRD.FOOD.XD,105.89
2018,AG.PRD.FOOD.XD,110.32
2019,AG.PRD.FOOD.XD,114.05
2020,AG.PRD.FOOD.XD,116.4
2021,AG.PRD.FOOD.XD,121.99
2022,AG.PRD.FOOD.XD,128.24
1961,AG.PRD.RICE.MT,19000.0
1962,AG.PRD.RICE.MT,17788.0
1963,AG.PRD.RICE.MT,22927.0
1964,AG.PRD.RICE.MT,27500.0
1965,AG.PRD.RICE.MT,15678.0
1966,AG.PRD.RICE.MT,18000.0
1967,AG.PRD.RICE.MT,28030.0
1968,AG.PRD.RICE.MT,18000.0
1969,AG.PRD.RICE.MT,15000.0
1970,AG.PRD.RICE.MT,14580.0
1971,AG.PRD.RICE.MT,23790.0
1972,AG.PRD.RICE.MT,13000.0
1973,AG.PRD.RICE.MT,12500.0
1974,AG.PRD.RICE.MT,13810.0
1975,AG.PRD.RICE.MT,15120.0
1976,AG.PRD.RICE.MT,15250.0
1977,AG.PRD.RICE.MT,15519.0
1978,AG.PRD.RICE.MT,17005.0
1979,AG.PRD.RICE.MT,14642.0
1980,AG.PRD.RICE.MT,14700.0
1981,AG.PRD.RICE.MT,14512.0
1982,AG.PRD.RICE.MT,16304.0
1983,AG.PRD.RICE.MT,10033.0
1984,AG.PRD.RICE.MT,17760.0
1985,AG.PRD.RICE.MT,15185.0
1986,AG.PRD.RICE.MT,19805.0
1987,AG.PRD.RICE.MT,23192.0
1988,AG.PRD.RICE.MT,28682.0
1989,AG.PRD.RICE.MT,27722.0
1990,AG.PRD.RICE.MT,25149.0
1991,AG.PRD.RICE.MT,39789.0
1992,AG.PRD.RICE.MT,25265.0
1993,AG.PRD.RICE.MT,33769.0
1994,AG.PRD.RICE.MT,50080.0
1995,AG.PRD.RICE.MT,51226.0
1996,AG.PRD.RICE.MT,76515.0
1997,AG.PRD.RICE.MT,86211.0
1998,AG.PRD.RICE.MT,86663.0
1999,AG.PRD.RICE.MT,81061.0
2000,AG.PRD.RICE.MT,62306.0
2001,AG.PRD.RICE.MT,62048.0
2002,AG.PRD.RICE.MT,69242.0
2003,AG.PRD.RICE.MT,62048.0
2004,AG.PRD.RICE.MT,68515.0
2005,AG.PRD.RICE.MT,72858.0
2006,AG.PRD.RICE.MT,76284.0
2007,AG.PRD.RICE.MT,74843.0
2008,AG.PRD.RICE.MT,85540.0
2009,AG.PRD.RICE.MT,121295.0
2010,AG.PRD.RICE.MT,110109.0
2011,AG.PRD.RICE.MT,112233.0
1960,PA.NUS.FCRF,245.195101398359
1961,PA.NUS.FCRF,245.26010162116
1962,PA.NUS.FCRF,245.013850686544
1963,PA.NUS.FCRF,245.016350696075
1964,PA.NUS.FCRF,245.027184079042
1965,PA.NUS.FCRF,245.060934207708
1966,PA.NUS.FCRF,245.678436557644
1967,PA.NUS.FCRF,246.000937791281
1968,PA.NUS.FCRF,247.564693756951
1969,PA.NUS.FCRF,259.960574351236
1970,PA.NUS.FCRF,276.403137026845
1971,PA.NUS.FCRF,275.356456685332
1972,PA.NUS.FCRF,252.027627462649
1973,PA.NUS.FCRF,222.889183053227
1974,PA.NUS.FCRF,240.704667637823
1975,PA.NUS.FCRF,214.312900341219
1976,PA.NUS.FCRF,238.950494267059
1977,PA.NUS.FCRF,245.679686566576
1978,PA.NUS.FCRF,225.655860233957
1979,PA.NUS.FCRF,212.721644262377
1980,PA.NUS.FCRF,211.279555414705
1981,PA.NUS.FCRF,271.731452550327
1982,PA.NUS.FCRF,328.60625269899
1983,PA.NUS.FCRF,381.066036024628
1984,PA.NUS.FCRF,436.956665788008
1985,PA.NUS.FCRF,449.262962711607
1986,PA.NUS.FCRF,346.305903554493
1987,PA.NUS.FCRF,300.536562401478
1988,PA.NUS.FCRF,297.848218819378
1989,PA.NUS.FCRF,319.008299487903
1990,PA.NUS.FCRF,272.264787954393
1991,PA.NUS.FCRF,282.10690880882
1992,PA.NUS.FCRF,264.691800750579
1993,PA.NUS.FCRF,283.162579500018
1994,PA.NUS.FCRF,555.204695655697
1995,PA.NUS.FCRF,499.14842590131
1996,PA.NUS.FCRF,511.552430272516
1997,PA.NUS.FCRF,583.669372353396
1998,PA.NUS.FCRF,589.951774567332
1999,PA.NUS.FCRF,615.473349319164
2000,PA.NUS.FCRF,710.207977031367
2001,PA.NUS.FCRF,732.397693260228
2002,PA.NUS.FCRF,693.713226496374
2003,PA.NUS.FCRF,579.897426172466
2004,PA.NUS.FCRF,527.338032291576
2005,PA.NUS.FCRF,527.258362649626
2006,PA.NUS.FCRF,522.425624895176
2007,PA.NUS.FCRF,478.633718476363
2008,PA.NUS.FCRF,446.000041432788
2009,PA.NUS.FCRF,470.293423341398
2010,PA.NUS.FCRF,494.794262222947
2011,PA.NUS.FCRF,471.248625718937
2012,PA.NUS.FCRF,510.556338454251
2013,PA.NUS.FCRF,493.899623852237
2014,PA.NUS.FCRF,493.757329875312
2015,PA.NUS.FCRF,591.21169798261
2016,PA.NUS.FCRF,592.605615063022
2017,PA.NUS.FCRF,580.656749587858
2018,PA.NUS.FCRF,555.446458398226
2019,PA.NUS.FCRF,585.911013180369
2020,PA.NUS.FCRF,575.586004510945
2021,PA.NUS.FCRF,554.530675033104
2022,PA.NUS.FCRF,623.759700911182
2023,PA.NUS.FCRF,606.569750165917
2024,PA.NUS.FCRF,606.345297609063
1961,AG.PRD.CREL.MT,173900.0
1962,AG.PRD.CREL.MT,185530.0
1963,AG.PRD.CREL.MT,219642.0
1964,AG.PRD.CREL.MT,227500.0
1965,AG.PRD.CREL.MT,237487.0
1966,AG.PRD.CREL.MT,302968.0
1967,AG.PRD.CREL.MT,247238.0
1968,AG.PRD.CREL.MT,245000.0
1969,AG.PRD.CREL.MT,234000.0
1970,AG.PRD.CREL.MT,322580.0
1971,AG.PRD.CREL.MT,347790.0
1972,AG.PRD.CREL.MT,283040.0
1973,AG.PRD.CREL.MT,279204.0
1974,AG.PRD.CREL.MT,245207.0
1975,AG.PRD.CREL.MT,265210.0
1976,AG.PRD.CREL.MT,233970.0
1977,AG.PRD.CREL.MT,258250.0
1978,AG.PRD.CREL.MT,270183.0
1979,AG.PRD.CREL.MT,315228.0
1980,AG.PRD.CREL.MT,295620.0
1981,AG.PRD.CREL.MT,290838.0
1982,AG.PRD.CREL.MT,308260.0
1983,AG.PRD.CREL.MT,291452.0
1984,AG.PRD.CREL.MT,439756.0
1985,AG.PRD.CREL.MT,370644.0
1986,AG.PRD.CREL.MT,366002.0
1987,AG.PRD.CREL.MT,368225.0
1988,AG.PRD.CREL.MT,503770.0
1989,AG.PRD.CREL.MT,565807.0
1990,AG.PRD.CREL.MT,483958.0
1991,AG.PRD.CREL.MT,464877.0
1992,AG.PRD.CREL.MT,494785.0
1993,AG.PRD.CREL.MT,633126.0
1994,AG.PRD.CREL.MT,572507.0
1995,AG.PRD.CREL.MT,591264.0
1996,AG.PRD.CREL.MT,686596.0
1997,AG.PRD.CREL.MT,748221.0
1998,AG.PRD.CREL.MT,624267.0
1999,AG.PRD.CREL.MT,759376.0
2000,AG.PRD.CREL.MT,740520.0
2001,AG.PRD.CREL.MT,814714.0
2002,AG.PRD.CREL.MT,801479.0
2003,AG.PRD.CREL.MT,807299.0
2004,AG.PRD.CREL.MT,799023.0
2005,AG.PRD.CREL.MT,833289.0
2006,AG.PRD.CREL.MT,885517.0
2007,AG.PRD.CREL.MT,877647.0
2008,AG.PRD.CREL.MT,935210.0
2009,AG.PRD.CREL.MT,1061456.0
2010,AG.PRD.CREL.MT,1045866.0
2011,AG.PRD.CREL.MT,1057893.0
2012,AG.PRD.CREL.MT,1268350.0
2013,AG.PRD.CREL.MT,1213807.0
2014,AG.PRD.CREL.MT,1310851.0
2015,AG.PRD.CREL.MT,1249728.0
2016,AG.PRD.CREL.MT,1263762.0
2017,AG.PRD.CREL.MT,1301069.0
2018,AG.PRD.CREL.MT,1339107.0
2019,AG.PRD.CREL.MT,1372361.0
2020,AG.PRD.CREL.MT,1355508.0
2021,AG.PRD.CREL.MT,1403574.0
2022,AG.PRD.CREL.MT,1439850.0
2023,AG.PRD.CREL.MT,1514448.12
1961,AG.LND.ARBL.ZS,33.0943188086045
1962,AG.LND.ARBL.ZS,33.0943188086045
1963,AG.LND.ARBL.ZS,33.0943188086045
1964,AG.LND.ARBL.ZS,33.0943188086045
1965,AG.LND.ARBL.ZS,33.0943188086045
1966,AG.LND.ARBL.ZS,33.0943188086045
1967,AG.LND.ARBL.ZS,33.0943188086045
1968,AG.LND.ARBL.ZS,33.0943188086045
1969,AG.LND.ARBL.ZS,33.0943188086045
1970,AG.LND.ARBL.ZS,33.0943188086045
1971,AG.LND.ARBL.ZS,33.0943188086045
1972,AG.LND.ARBL.ZS,33.0943188086045
1973,AG.LND.ARBL.ZS,33.0943188086045
1974,AG.LND.ARBL.ZS,33.0943188086045
1975,AG.LND.ARBL.ZS,33.0943188086045
1976,AG.LND.ARBL.ZS,33.0943188086045
1977,AG.LND.ARBL.ZS,33.0943188086045
1978,AG.LND.ARBL.ZS,34.9328920757492
1979,AG.LND.ARBL.ZS,35.8521787093216
1980,AG.LND.ARBL.ZS,35.8521787093216
1981,AG.LND.ARBL.ZS,35.8521787093216
1982,AG.LND.ARBL.ZS,35.8521787093216
1983,AG.LND.ARBL.ZS,35.8521787093216
1984,AG.LND.ARBL.ZS,36.7714653428939
1985,AG.LND.ARBL.ZS,36.7714653428939
1986,AG.LND.ARBL.ZS,36.7714653428939
1987,AG.LND.ARBL.ZS,37.1391799963229
1988,AG.LND.ARBL.ZS,37.6907519764663
1989,AG.LND.ARBL.ZS,37.6907519764663
1990,AG.LND.ARBL.ZS,38.0584666298952
1991,AG.LND.ARBL.ZS,38.4261812833241
1992,AG.LND.ARBL.ZS,38.7938959367531
1993,AG.LND.ARBL.ZS,39.161610590182
1994,AG.LND.ARBL.ZS,39.529325243611
1995,AG.LND.ARBL.ZS,39.8970398970399
1996,AG.LND.ARBL.ZS,40.2647545504688
1997,AG.LND.ARBL.ZS,40.6324692038978
1998,AG.LND.ARBL.ZS,41.0001838573267
1999,AG.LND.ARBL.ZS,41.3678985107557
2000,AG.LND.ARBL.ZS,41.7356131641846
2001,AG.LND.ARBL.ZS,42.1033278176135
2002,AG.LND.ARBL.ZS,42.4710424710425
2003,AG.LND.ARBL.ZS,42.8387571244714
2004,AG.LND.ARBL.ZS,43.2064717779004
2005,AG.LND.ARBL.ZS,43.5741864313293
2006,AG.LND.ARBL.ZS,43.9419010847582
2007,AG.LND.ARBL.ZS,44.3096157381872
2008,AG.LND.ARBL.ZS,44.6773303916161
2009,AG.LND.ARBL.ZS,45.045045045045
2010,AG.LND.ARBL.ZS,45.2289023717595
2011,AG.LND.ARBL.ZS,45.2289023717595
2012,AG.LND.ARBL.ZS,48.7221915793344
2013,AG.LND.ARBL.ZS,48.7221915793344
2014,AG.LND.ARBL.ZS,48.7221915793344
2015,AG.LND.ARBL.ZS,48.7221915793344
2016,AG.LND.ARBL.ZS,48.7221915793344
2017,AG.LND.ARBL.ZS,48.7221915793344
2018,AG.LND.ARBL.ZS,48.7221915793344
2019,AG.LND.ARBL.ZS,48.7221915793344
2020,AG.LND.ARBL.ZS,48.7221915793344
2021,AG.LND.ARBL.ZS,48.7221915793344
2022,AG.LND.ARBL.ZS,48.7221915793344
2023,AG.LND.ARBL.ZS,48.7221915793344
